Date,Category,Units_Sold,Revenue
2024-01-01,Electronics,156,240981.34
2024-01-01,Textiles,242,270433.02
2024-01-01,Furniture,92,180289.23
2024-01-01,Packaging,382,535908.98
2024-01-01,Raw Materials,305,310375.3
2024-01-02,Electronics,163,166492.9
2024-01-02,Textiles,231,300677.74
2024-01-02,Furniture,87,89956.89
2024-01-02,Packaging,302,192807.64
2024-01-02,Raw Materials,254,310316.4
2024-01-03,Electronics,174,127971.18
2024-01-03,Textiles,275,293130.46
2024-01-03,Furniture,93,184082.85
2024-01-03,Packaging,318,414953.74
2024-01-03,Raw Materials,286,469020.87
2024-01-04,Electronics,173,224363.46
2024-01-04,Textiles,224,161640.33
2024-01-04,Furniture,93,65069.81
2024-01-04,Packaging,374,607534.71
2024-01-04,Raw Materials,301,164258.18
2024-01-05,Electronics,166,181893.79
2024-01-05,Textiles,250,164325.94
2024-01-05,Furniture,84,113059.6
2024-01-05,Packaging,364,641027.65
2024-01-05,Raw Materials,289,245599.31
2024-01-06,Electronics,157,159259.28
2024-01-06,Textiles,179,263708.93
2024-01-06,Furniture,88,107304.84
2024-01-06,Packaging,398,531972.13
2024-01-06,Raw Materials,303,418080.36
2024-01-07,Electronics,137,137845.32
2024-01-07,Textiles,254,469765.66
2024-01-07,Furniture,78,97294.98
2024-01-07,Packaging,365,363365.79
2024-01-07,Raw Materials,269,331331.25
2024-01-08,Electronics,150,266433.94
2024-01-08,Textiles,234,439005.86
2024-01-08,Furniture,100,50795.0
2024-01-08,Packaging,344,545014.39
2024-01-08,Raw Materials,300,519387.66
2024-01-09,Electronics,177,215042.47
2024-01-09,Textiles,271,476383.81
2024-01-09,Furniture,83,133162.77
2024-01-09,Packaging,367,475176.93
2024-01-09,Raw Materials,315,198744.61
2024-01-10,Electronics,185,232943.85
2024-01-10,Textiles,225,312935.55
2024-01-10,Furniture,96,101169.19
2024-01-10,Packaging,416,550527.32
2024-01-10,Raw Materials,231,185399.61
2024-01-11,Electronics,162,114734.42
2024-01-11,Textiles,236,118959.66
2024-01-11,Furniture,91,128232.91
2024-01-11,Packaging,309,522653.16
2024-01-11,Raw Materials,271,514739.32
2024-01-12,Electronics,198,393306.05
2024-01-12,Textiles,218,411948.96
2024-01-12,Furniture,80,126591.59
2024-01-12,Packaging,363,616847.97
2024-01-12,Raw Materials,307,533473.6
2024-01-13,Electronics,162,235003.33
2024-01-13,Textiles,214,398425.03
2024-01-13,Furniture,99,150922.84
2024-01-13,Packaging,286,336885.95
2024-01-13,Raw Materials,303,435154.15
2024-01-14,Electronics,177,231811.87
2024-01-14,Textiles,275,284087.01
2024-01-14,Furniture,77,83716.18
2024-01-14,Packaging,319,269088.65
2024-01-14,Raw Materials,289,379825.18
2024-01-15,Electronics,140,223415.32
2024-01-15,Textiles,212,326602.2
2024-01-15,Furniture,107,145490.71
2024-01-15,Packaging,343,684812.85
2024-01-15,Raw Materials,311,518703.81
2024-01-16,Electronics,189,135076.78
2024-01-16,Textiles,245,304038.2
2024-01-16,Furniture,83,135452.09
2024-01-16,Packaging,348,371744.86
2024-01-16,Raw Materials,260,308230.09
2024-01-17,Electronics,173,226593.84
2024-01-17,Textiles,287,352876.9
2024-01-17,Furniture,105,54421.98
2024-01-17,Packaging,328,458433.81
2024-01-17,Raw Materials,336,469910.8
2024-01-18,Electronics,181,314975.88
2024-01-18,Textiles,227,190913.01
2024-01-18,Furniture,95,107862.55
2024-01-18,Packaging,373,696681.42
2024-01-18,Raw Materials,244,172916.53
2024-01-19,Electronics,167,265386.94
2024-01-19,Textiles,219,304288.31
2024-01-19,Furniture,103,109350.26
2024-01-19,Packaging,368,222044.69
2024-01-19,Raw Materials,278,208022.05
2024-01-20,Electronics,164,127834.94
2024-01-20,Textiles,219,211809.44
2024-01-20,Furniture,100,84109.34
2024-01-20,Packaging,290,468748.6
2024-01-20,Raw Materials,328,265145.27
2024-01-21,Electronics,180,120852.17
2024-01-21,Textiles,260,291656.79
2024-01-21,Furniture,77,144581.52
2024-01-21,Packaging,248,342389.38
2024-01-21,Raw Materials,301,225229.26
2024-01-22,Electronics,146,80419.54
2024-01-22,Textiles,253,231844.33
2024-01-22,Furniture,85,70562.39
2024-01-22,Packaging,347,681269.25
2024-01-22,Raw Materials,244,289989.97
2024-01-23,Electronics,191,248797.47
2024-01-23,Textiles,234,181746.47
2024-01-23,Furniture,82,89870.13
2024-01-23,Packaging,306,348896.11
2024-01-23,Raw Materials,271,325836.24
2024-01-24,Electronics,191,274555.62
2024-01-24,Textiles,254,350819.82
2024-01-24,Furniture,88,82813.9
2024-01-24,Packaging,353,459494.39
2024-01-24,Raw Materials,339,414133.22
2024-01-25,Electronics,199,130239.97
2024-01-25,Textiles,229,229353.63
2024-01-25,Furniture,93,84486.11
2024-01-25,Packaging,338,623997.22
2024-01-25,Raw Materials,328,645634.27
2024-01-26,Electronics,174,306184.89
2024-01-26,Textiles,224,297378.79
2024-01-26,Furniture,101,88964.12
2024-01-26,Packaging,345,480437.85
2024-01-26,Raw Materials,246,248191.09
2024-01-27,Electronics,189,252330.57
2024-01-27,Textiles,233,368424.18
2024-01-27,Furniture,103,200229.32
2024-01-27,Packaging,359,688064.64
2024-01-27,Raw Materials,279,275089.84
2024-01-28,Electronics,154,97079.68
2024-01-28,Textiles,261,462542.15
2024-01-28,Furniture,99,67732.37
2024-01-28,Packaging,356,553907.24
2024-01-28,Raw Materials,312,582172.03
2024-01-29,Electronics,146,253698.51
2024-01-29,Textiles,256,267414.74
2024-01-29,Furniture,102,106501.96
2024-01-29,Packaging,321,575104.25
2024-01-29,Raw Materials,277,373580.19
2024-01-30,Electronics,176,348136.97
2024-01-30,Textiles,199,244206.34
2024-01-30,Furniture,90,114181.78
2024-01-30,Packaging,375,413934.4
2024-01-30,Raw Materials,317,262169.99
2024-01-31,Electronics,155,108254.22
2024-01-31,Textiles,272,503433.5
2024-01-31,Furniture,102,176855.33
2024-01-31,Packaging,384,497085.13
2024-01-31,Raw Materials,287,172419.01
2024-02-01,Electronics,214,237084.64
2024-02-01,Textiles,297,195980.82
2024-02-01,Furniture,100,71002.78
2024-02-01,Packaging,343,548208.97
2024-02-01,Raw Materials,286,250563.45
2024-02-02,Electronics,187,254309.07
2024-02-02,Textiles,309,542962.58
2024-02-02,Furniture,114,129168.17
2024-02-02,Packaging,359,370059.74
2024-02-02,Raw Materials,319,192157.48
2024-02-03,Electronics,184,323033.8
2024-02-03,Textiles,272,430385.41
2024-02-03,Furniture,99,140145.09
2024-02-03,Packaging,373,720311.64
2024-02-03,Raw Materials,332,233230.64
2024-02-04,Electronics,155,203013.45
2024-02-04,Textiles,248,184269.16
2024-02-04,Furniture,103,199084.01
2024-02-04,Packaging,386,282555.17
2024-02-04,Raw Materials,299,303956.1
2024-02-05,Electronics,232,238335.98
2024-02-05,Textiles,293,409446.72
2024-02-05,Furniture,93,110625.57
2024-02-05,Packaging,415,806406.49
2024-02-05,Raw Materials,296,498766.02
2024-02-06,Electronics,193,121601.16
2024-02-06,Textiles,300,581176.86
2024-02-06,Furniture,107,175325.25
2024-02-06,Packaging,426,675702.03
2024-02-06,Raw Materials,316,586194.45
2024-02-07,Electronics,189,277829.5
2024-02-07,Textiles,244,367189.79
2024-02-07,Furniture,102,57757.31
2024-02-07,Packaging,330,319863.15
2024-02-07,Raw Materials,397,270271.2
2024-02-08,Electronics,173,116415.68
2024-02-08,Textiles,267,302415.95
2024-02-08,Furniture,107,62308.66
2024-02-08,Packaging,407,481365.22
2024-02-08,Raw Materials,383,565021.14
2024-02-09,Electronics,195,204173.95
2024-02-09,Textiles,230,420324.43
2024-02-09,Furniture,128,165810.91
2024-02-09,Packaging,299,406233.85
2024-02-09,Raw Materials,274,467434.54
2024-02-10,Electronics,227,364739.89
2024-02-10,Textiles,264,337986.57
2024-02-10,Furniture,110,123888.5
2024-02-10,Packaging,370,441378.28
2024-02-10,Raw Materials,301,571564.34
2024-02-11,Electronics,166,100437.4
2024-02-11,Textiles,317,287687.15
2024-02-11,Furniture,94,103158.52
2024-02-11,Packaging,367,471146.81
2024-02-11,Raw Materials,294,469931.87
2024-02-12,Electronics,188,177754.81
2024-02-12,Textiles,248,441249.72
2024-02-12,Furniture,107,98001.14
2024-02-12,Packaging,438,817092.79
2024-02-12,Raw Materials,284,549433.09
2024-02-13,Electronics,183,310548.07
2024-02-13,Textiles,266,524949.88
2024-02-13,Furniture,85,155235.37
2024-02-13,Packaging,409,811364.94
2024-02-13,Raw Materials,321,518424.38
2024-02-14,Electronics,186,326753.38
2024-02-14,Textiles,235,198775.64
2024-02-14,Furniture,99,54954.69
2024-02-14,Packaging,359,694990.04
2024-02-14,Raw Materials,329,475295.4
2024-02-15,Electronics,198,163248.23
2024-02-15,Textiles,314,404289.84
2024-02-15,Furniture,105,93486.76
2024-02-15,Packaging,308,614307.13
2024-02-15,Raw Materials,414,764307.85
2024-02-16,Electronics,231,374637.51
2024-02-16,Textiles,235,129789.97
2024-02-16,Furniture,78,70936.25
2024-02-16,Packaging,344,417965.24
2024-02-16,Raw Materials,312,591983.88
2024-02-17,Electronics,185,296521.51
2024-02-17,Textiles,227,115230.47
2024-02-17,Furniture,92,142008.57
2024-02-17,Packaging,379,736466.34
2024-02-17,Raw Materials,295,195939.97
2024-02-18,Electronics,206,279537.55
2024-02-18,Textiles,252,376278.34
2024-02-18,Furniture,111,177696.0
2024-02-18,Packaging,382,489682.16
2024-02-18,Raw Materials,303,223011.33
2024-02-19,Electronics,199,147379.43
2024-02-19,Textiles,222,420720.09
2024-02-19,Furniture,93,61263.86
2024-02-19,Packaging,342,623279.85
2024-02-19,Raw Materials,333,646676.99
2024-02-20,Electronics,208,105605.29
2024-02-20,Textiles,249,430750.17
2024-02-20,Furniture,103,51673.06
2024-02-20,Packaging,372,496349.41
2024-02-20,Raw Materials,289,228223.1
2024-02-21,Electronics,205,128360.2
2024-02-21,Textiles,268,180569.23
2024-02-21,Furniture,81,86268.49
2024-02-21,Packaging,363,191533.89
2024-02-21,Raw Materials,293,336469.82
2024-02-22,Electronics,182,140002.77
2024-02-22,Textiles,279,454922.96
2024-02-22,Furniture,95,157346.71
2024-02-22,Packaging,396,760694.95
2024-02-22,Raw Materials,330,515743.14
2024-02-23,Electronics,177,214233.87
2024-02-23,Textiles,237,348712.43
2024-02-23,Furniture,120,166991.25
2024-02-23,Packaging,354,613223.38
2024-02-23,Raw Materials,309,326844.84
2024-02-24,Electronics,178,89274.87
2024-02-24,Textiles,270,199370.0
2024-02-24,Furniture,107,69902.08
2024-02-24,Packaging,376,669774.31
2024-02-24,Raw Materials,355,336384.38
2024-02-25,Electronics,191,336144.86
2024-02-25,Textiles,233,162401.63
2024-02-25,Furniture,108,194624.8
2024-02-25,Packaging,394,703699.81
2024-02-25,Raw Materials,322,626863.39
2024-02-26,Electronics,182,176162.89
2024-02-26,Textiles,290,284523.09
2024-02-26,Furniture,110,88059.26
2024-02-26,Packaging,410,738895.53
2024-02-26,Raw Materials,330,398408.57
2024-02-27,Electronics,221,290581.68
2024-02-27,Textiles,241,153455.96
2024-02-27,Furniture,95,69396.27
2024-02-27,Packaging,439,231262.06
2024-02-27,Raw Materials,236,400066.43
2024-02-28,Electronics,198,386350.85
2024-02-28,Textiles,245,190656.14
2024-02-28,Furniture,117,101943.26
2024-02-28,Packaging,434,580526.65
2024-02-28,Raw Materials,296,437274.64
2024-02-29,Electronics,180,177999.88
2024-02-29,Textiles,215,424953.33
2024-02-29,Furniture,120,86924.52
2024-02-29,Packaging,452,494179.57
2024-02-29,Raw Materials,302,592539.03
2024-03-01,Electronics,212,346744.85
2024-03-01,Textiles,293,565189.08
2024-03-01,Furniture,106,172116.7
2024-03-01,Packaging,408,293304.31
2024-03-01,Raw Materials,330,174091.98
2024-03-02,Electronics,177,216565.62
2024-03-02,Textiles,244,405944.53
2024-03-02,Furniture,92,175890.78
2024-03-02,Packaging,392,714929.69
2024-03-02,Raw Materials,299,186505.08
2024-03-03,Electronics,185,181881.28
2024-03-03,Textiles,287,564299.28
2024-03-03,Furniture,110,190537.72
2024-03-03,Packaging,351,197183.11
2024-03-03,Raw Materials,336,230606.86
2024-03-04,Electronics,197,363333.39
2024-03-04,Textiles,304,431502.54
2024-03-04,Furniture,118,111893.95
2024-03-04,Packaging,439,622671.88
2024-03-04,Raw Materials,343,420723.0
2024-03-05,Electronics,207,289016.26
2024-03-05,Textiles,311,521157.89
2024-03-05,Furniture,97,72361.92
2024-03-05,Packaging,389,450427.31
2024-03-05,Raw Materials,346,510502.68
2024-03-06,Electronics,225,274256.64
2024-03-06,Textiles,219,263954.98
2024-03-06,Furniture,114,184271.72
2024-03-06,Packaging,382,216018.13
2024-03-06,Raw Materials,358,265818.16
2024-03-07,Electronics,204,252942.72
2024-03-07,Textiles,208,129436.26
2024-03-07,Furniture,89,100356.37
2024-03-07,Packaging,371,298791.31
2024-03-07,Raw Materials,314,609527.64
2024-03-08,Electronics,201,225896.07
2024-03-08,Textiles,269,431213.85
2024-03-08,Furniture,114,188280.78
2024-03-08,Packaging,511,649477.83
2024-03-08,Raw Materials,336,464381.42
2024-03-09,Electronics,193,271991.63
2024-03-09,Textiles,250,349146.34
2024-03-09,Furniture,110,218702.0
2024-03-09,Packaging,434,401789.3
2024-03-09,Raw Materials,283,339237.54
2024-03-10,Electronics,164,287655.52
2024-03-10,Textiles,279,309122.31
2024-03-10,Furniture,96,134667.18
2024-03-10,Packaging,335,425089.14
2024-03-10,Raw Materials,371,415351.85
2024-03-11,Electronics,192,124049.3
2024-03-11,Textiles,240,265807.49
2024-03-11,Furniture,120,179271.83
2024-03-11,Packaging,460,295730.44
2024-03-11,Raw Materials,281,308697.87
2024-03-12,Electronics,215,384200.57
2024-03-12,Textiles,260,363498.45
2024-03-12,Furniture,103,112783.94
2024-03-12,Packaging,360,657203.22
2024-03-12,Raw Materials,300,348910.97
2024-03-13,Electronics,183,275247.67
2024-03-13,Textiles,209,150194.68
2024-03-13,Furniture,126,242282.25
2024-03-13,Packaging,340,298789.17
2024-03-13,Raw Materials,282,397142.64
2024-03-14,Electronics,165,170791.18
2024-03-14,Textiles,298,464307.36
2024-03-14,Furniture,105,122803.06
2024-03-14,Packaging,396,518704.07
2024-03-14,Raw Materials,360,198461.39
2024-03-15,Electronics,170,130902.66
2024-03-15,Textiles,276,174662.01
2024-03-15,Furniture,105,160892.74
2024-03-15,Packaging,355,389104.31
2024-03-15,Raw Materials,389,204641.11
2024-03-16,Electronics,190,187092.24
2024-03-16,Textiles,261,230028.92
2024-03-16,Furniture,108,138520.27
2024-03-16,Packaging,406,279576.58
2024-03-16,Raw Materials,257,179661.5
2024-03-17,Electronics,180,140854.25
2024-03-17,Textiles,273,435774.67
2024-03-17,Furniture,99,192557.0
2024-03-17,Packaging,366,323163.28
2024-03-17,Raw Materials,321,278056.92
2024-03-18,Electronics,194,338785.26
2024-03-18,Textiles,269,180139.81
2024-03-18,Furniture,109,184565.95
2024-03-18,Packaging,397,758791.27
2024-03-18,Raw Materials,349,607350.16
2024-03-19,Electronics,211,215823.57
2024-03-19,Textiles,307,226851.87
2024-03-19,Furniture,87,156570.25
2024-03-19,Packaging,426,847742.3
2024-03-19,Raw Materials,314,292970.92
2024-03-20,Electronics,199,132069.23
2024-03-20,Textiles,291,549557.06
2024-03-20,Furniture,111,128455.7
2024-03-20,Packaging,420,446673.52
2024-03-20,Raw Materials,312,294934.82
2024-03-21,Electronics,168,242812.6
2024-03-21,Textiles,290,410276.84
2024-03-21,Furniture,82,108465.47
2024-03-21,Packaging,431,601127.86
2024-03-21,Raw Materials,255,133110.15
2024-03-22,Electronics,229,316155.7
2024-03-22,Textiles,271,444173.47
2024-03-22,Furniture,93,116312.12
2024-03-22,Packaging,414,733090.93
2024-03-22,Raw Materials,326,610061.66
2024-03-23,Electronics,196,170344.48
2024-03-23,Textiles,229,278244.9
2024-03-23,Furniture,114,184715.75
2024-03-23,Packaging,304,478263.85
2024-03-23,Raw Materials,367,420689.58
2024-03-24,Electronics,196,361634.0
2024-03-24,Textiles,229,182222.44
2024-03-24,Furniture,119,145034.21
2024-03-24,Packaging,371,529056.25
2024-03-24,Raw Materials,311,399519.02
2024-03-25,Electronics,205,266170.02
2024-03-25,Textiles,265,363420.49
2024-03-25,Furniture,106,116584.93
2024-03-25,Packaging,371,729047.6
2024-03-25,Raw Materials,327,223940.71
2024-03-26,Electronics,220,393607.21
2024-03-26,Textiles,245,231014.77
2024-03-26,Furniture,109,184222.09
2024-03-26,Packaging,357,615333.4
2024-03-26,Raw Materials,320,339284.65
2024-03-27,Electronics,175,88178.3
2024-03-27,Textiles,261,380271.21
2024-03-27,Furniture,130,219780.05
2024-03-27,Packaging,406,596783.0
2024-03-27,Raw Materials,309,574380.53
2024-03-28,Electronics,173,286300.65
2024-03-28,Textiles,217,206820.69
2024-03-28,Furniture,107,170979.27
2024-03-28,Packaging,406,696003.76
2024-03-28,Raw Materials,353,582444.42
2024-03-29,Electronics,190,138600.38
2024-03-29,Textiles,230,196156.28
2024-03-29,Furniture,103,134212.83
2024-03-29,Packaging,432,331632.99
2024-03-29,Raw Materials,290,234690.98
2024-03-30,Electronics,180,262249.41
2024-03-30,Textiles,279,163963.26
2024-03-30,Furniture,89,63426.88
2024-03-30,Packaging,416,629724.94
2024-03-30,Raw Materials,274,318956.67
2024-03-31,Electronics,228,119410.81
2024-03-31,Textiles,249,251897.12
2024-03-31,Furniture,108,108630.8
2024-03-31,Packaging,436,810213.21
2024-03-31,Raw Materials,300,440380.43
2024-04-01,Electronics,205,285693.35
2024-04-01,Textiles,209,212206.21
2024-04-01,Furniture,88,125464.56
2024-04-01,Packaging,424,637867.26
2024-04-01,Raw Materials,308,186308.4
2024-04-02,Electronics,163,226442.53
2024-04-02,Textiles,272,413493.83
2024-04-02,Furniture,98,76977.75
2024-04-02,Packaging,319,184544.15
2024-04-02,Raw Materials,267,532189.94
2024-04-03,Electronics,163,190633.15
2024-04-03,Textiles,273,172850.25
2024-04-03,Furniture,82,159284.89
2024-04-03,Packaging,427,322691.12
2024-04-03,Raw Materials,336,374376.84
2024-04-04,Electronics,212,106393.26
2024-04-04,Textiles,244,232112.24
2024-04-04,Furniture,100,107378.94
2024-04-04,Packaging,392,266459.45
2024-04-04,Raw Materials,342,295995.9
2024-04-05,Electronics,203,305989.55
2024-04-05,Textiles,246,413735.83
2024-04-05,Furniture,96,172514.81
2024-04-05,Packaging,383,283020.16
2024-04-05,Raw Materials,392,233108.11
2024-04-06,Electronics,183,185289.65
2024-04-06,Textiles,241,258198.79
2024-04-06,Furniture,88,111283.6
2024-04-06,Packaging,350,608275.21
2024-04-06,Raw Materials,321,581011.6
2024-04-07,Electronics,187,138874.86
2024-04-07,Textiles,261,352314.25
2024-04-07,Furniture,114,123868.31
2024-04-07,Packaging,282,369306.9
2024-04-07,Raw Materials,315,454206.4
2024-04-08,Electronics,196,310098.09
2024-04-08,Textiles,302,214998.96
2024-04-08,Furniture,106,104281.95
2024-04-08,Packaging,358,191293.98
2024-04-08,Raw Materials,301,582731.28
2024-04-09,Electronics,178,242002.06
2024-04-09,Textiles,255,310853.07
2024-04-09,Furniture,107,103853.29
2024-04-09,Packaging,339,626266.04
2024-04-09,Raw Materials,324,565055.55
2024-04-10,Electronics,194,337133.42
2024-04-10,Textiles,249,373365.62
2024-04-10,Furniture,100,125916.13
2024-04-10,Packaging,338,286903.54
2024-04-10,Raw Materials,322,613304.95
2024-04-11,Electronics,170,308406.82
2024-04-11,Textiles,270,135134.66
2024-04-11,Furniture,96,50547.04
2024-04-11,Packaging,315,340102.75
2024-04-11,Raw Materials,354,476718.22
2024-04-12,Electronics,178,218388.62
2024-04-12,Textiles,236,385005.75
2024-04-12,Furniture,85,97367.99
2024-04-12,Packaging,411,310714.82
2024-04-12,Raw Materials,290,445853.85
2024-04-13,Electronics,178,254019.8
2024-04-13,Textiles,219,185924.06
2024-04-13,Furniture,107,88938.82
2024-04-13,Packaging,396,701721.44
2024-04-13,Raw Materials,282,447386.29
2024-04-14,Electronics,180,266600.46
2024-04-14,Textiles,285,293935.99
2024-04-14,Furniture,81,61991.79
2024-04-14,Packaging,479,517616.09
2024-04-14,Raw Materials,307,517450.53
2024-04-15,Electronics,169,232074.58
2024-04-15,Textiles,226,322823.44
2024-04-15,Furniture,106,104436.56
2024-04-15,Packaging,393,313725.78
2024-04-15,Raw Materials,348,207729.91
2024-04-16,Electronics,186,167172.47
2024-04-16,Textiles,240,352592.44
2024-04-16,Furniture,83,60080.1
2024-04-16,Packaging,377,260431.47
2024-04-16,Raw Materials,302,446224.92
2024-04-17,Electronics,199,341489.75
2024-04-17,Textiles,277,301539.59
2024-04-17,Furniture,104,201170.66
2024-04-17,Packaging,395,676763.45
2024-04-17,Raw Materials,320,196680.09
2024-04-18,Electronics,195,171519.59
2024-04-18,Textiles,247,412923.64
2024-04-18,Furniture,100,107952.34
2024-04-18,Packaging,427,501804.7
2024-04-18,Raw Materials,326,383353.01
2024-04-19,Electronics,184,335558.81
2024-04-19,Textiles,236,131459.73
2024-04-19,Furniture,100,161931.09
2024-04-19,Packaging,419,275723.5
2024-04-19,Raw Materials,333,184267.65
2024-04-20,Electronics,142,169394.7
2024-04-20,Textiles,256,508769.95
2024-04-20,Furniture,94,105110.46
2024-04-20,Packaging,423,560231.38
2024-04-20,Raw Materials,289,367604.06
2024-04-21,Electronics,186,343793.33
2024-04-21,Textiles,234,459572.79
2024-04-21,Furniture,107,160609.74
2024-04-21,Packaging,369,715763.98
2024-04-21,Raw Materials,311,378606.09
2024-04-22,Electronics,183,125876.62
2024-04-22,Textiles,269,325894.62
2024-04-22,Furniture,100,188044.58
2024-04-22,Packaging,339,434310.6
2024-04-22,Raw Materials,281,158934.57
2024-04-23,Electronics,195,129911.33
2024-04-23,Textiles,231,245781.54
2024-04-23,Furniture,102,135164.07
2024-04-23,Packaging,335,305080.13
2024-04-23,Raw Materials,303,573420.32
2024-04-24,Electronics,188,97585.6
2024-04-24,Textiles,303,602552.8
2024-04-24,Furniture,88,160063.46
2024-04-24,Packaging,420,372811.92
2024-04-24,Raw Materials,382,317669.31
2024-04-25,Electronics,201,395486.78
2024-04-25,Textiles,261,201202.79
2024-04-25,Furniture,116,67371.33
2024-04-25,Packaging,420,379678.72
2024-04-25,Raw Materials,289,378397.62
2024-04-26,Electronics,178,271974.57
2024-04-26,Textiles,259,165191.84
2024-04-26,Furniture,100,72601.42
2024-04-26,Packaging,398,403403.03
2024-04-26,Raw Materials,361,583063.98
2024-04-27,Electronics,179,253806.03
2024-04-27,Textiles,256,464821.16
2024-04-27,Furniture,92,105864.47
2024-04-27,Packaging,385,661286.91
2024-04-27,Raw Materials,276,445068.79
2024-04-28,Electronics,182,143949.41
2024-04-28,Textiles,267,485866.5
2024-04-28,Furniture,87,140376.42
2024-04-28,Packaging,418,720079.23
2024-04-28,Raw Materials,363,385829.02
2024-04-29,Electronics,206,269456.96
2024-04-29,Textiles,282,496304.76
2024-04-29,Furniture,101,176651.09
2024-04-29,Packaging,407,665199.57
2024-04-29,Raw Materials,350,617034.45
2024-04-30,Electronics,193,132604.72
2024-04-30,Textiles,167,180036.66
2024-04-30,Furniture,112,92491.13
2024-04-30,Packaging,401,283400.47
2024-04-30,Raw Materials,302,326616.14
2024-05-01,Electronics,165,182075.96
2024-05-01,Textiles,230,364574.64
2024-05-01,Furniture,101,66276.81
2024-05-01,Packaging,370,214306.2
2024-05-01,Raw Materials,258,317313.3
2024-05-02,Electronics,200,106879.84
2024-05-02,Textiles,265,260537.93
2024-05-02,Furniture,82,126536.12
2024-05-02,Packaging,358,579561.84
2024-05-02,Raw Materials,289,306396.04
2024-05-03,Electronics,195,133295.2
2024-05-03,Textiles,209,220940.8
2024-05-03,Furniture,99,58787.52
2024-05-03,Packaging,366,585755.09
2024-05-03,Raw Materials,307,291393.74
2024-05-04,Electronics,180,223964.92
2024-05-04,Textiles,205,157312.63
2024-05-04,Furniture,99,190621.44
2024-05-04,Packaging,375,301651.71
2024-05-04,Raw Materials,297,222138.53
2024-05-05,Electronics,173,268215.38
2024-05-05,Textiles,268,414463.59
2024-05-05,Furniture,107,202703.52
2024-05-05,Packaging,330,351572.51
2024-05-05,Raw Materials,302,360164.96
2024-05-06,Electronics,125,238253.74
2024-05-06,Textiles,211,328955.02
2024-05-06,Furniture,87,161460.69
2024-05-06,Packaging,349,650565.77
2024-05-06,Raw Materials,279,525617.75
2024-05-07,Electronics,155,187254.05
2024-05-07,Textiles,208,349583.5
2024-05-07,Furniture,83,162866.91
2024-05-07,Packaging,308,544292.72
2024-05-07,Raw Materials,231,208410.17
2024-05-08,Electronics,175,99706.4
2024-05-08,Textiles,226,323078.11
2024-05-08,Furniture,74,71986.04
2024-05-08,Packaging,372,616696.61
2024-05-08,Raw Materials,283,452424.49
2024-05-09,Electronics,168,222176.79
2024-05-09,Textiles,256,430481.8
2024-05-09,Furniture,88,126424.16
2024-05-09,Packaging,359,257563.69
2024-05-09,Raw Materials,287,455679.54
2024-05-10,Electronics,162,156013.79
2024-05-10,Textiles,205,393713.57
2024-05-10,Furniture,84,128153.02
2024-05-10,Packaging,339,446686.16
2024-05-10,Raw Materials,316,533265.79
2024-05-11,Electronics,133,175993.31
2024-05-11,Textiles,199,352305.24
2024-05-11,Furniture,97,110865.74
2024-05-11,Packaging,358,295040.57
2024-05-11,Raw Materials,262,169342.07
2024-05-12,Electronics,170,276067.35
2024-05-12,Textiles,255,238649.74
2024-05-12,Furniture,89,92022.45
2024-05-12,Packaging,352,692416.64
2024-05-12,Raw Materials,287,289774.2
2024-05-13,Electronics,197,356216.1
2024-05-13,Textiles,266,433888.96
2024-05-13,Furniture,94,49530.34
2024-05-13,Packaging,357,265047.41
2024-05-13,Raw Materials,263,232292.12
2024-05-14,Electronics,173,281314.31
2024-05-14,Textiles,244,326220.95
2024-05-14,Furniture,83,84286.07
2024-05-14,Packaging,348,321428.93
2024-05-14,Raw Materials,323,341701.38
2024-05-15,Electronics,164,193117.42
2024-05-15,Textiles,211,245099.34
2024-05-15,Furniture,90,71407.25
2024-05-15,Packaging,388,354889.06
2024-05-15,Raw Materials,267,258595.82
2024-05-16,Electronics,152,280506.41
2024-05-16,Textiles,242,309829.16
2024-05-16,Furniture,110,82395.66
2024-05-16,Packaging,281,399078.93
2024-05-16,Raw Materials,310,233517.21
2024-05-17,Electronics,167,210516.3
2024-05-17,Textiles,220,230018.73
2024-05-17,Furniture,92,147103.66
2024-05-17,Packaging,326,553512.11
2024-05-17,Raw Materials,314,612813.02
2024-05-18,Electronics,157,311271.97
2024-05-18,Textiles,256,314377.85
2024-05-18,Furniture,95,93529.1
2024-05-18,Packaging,323,644584.37
2024-05-18,Raw Materials,298,190584.63
2024-05-19,Electronics,159,86503.35
2024-05-19,Textiles,218,232941.87
2024-05-19,Furniture,97,190138.05
2024-05-19,Packaging,301,565070.91
2024-05-19,Raw Materials,258,171859.65
2024-05-20,Electronics,177,171883.14
2024-05-20,Textiles,246,216844.81
2024-05-20,Furniture,93,119798.17
2024-05-20,Packaging,348,301545.45
2024-05-20,Raw Materials,270,501670.75
2024-05-21,Electronics,200,321901.39
2024-05-21,Textiles,240,276781.96
2024-05-21,Furniture,80,109269.97
2024-05-21,Packaging,372,656805.43
2024-05-21,Raw Materials,305,268693.51
2024-05-22,Electronics,167,84456.19
2024-05-22,Textiles,214,325815.9
2024-05-22,Furniture,96,190810.94
2024-05-22,Packaging,310,188791.96
2024-05-22,Raw Materials,281,505681.92
2024-05-23,Electronics,162,133373.76
2024-05-23,Textiles,216,355262.31
2024-05-23,Furniture,90,100121.36
2024-05-23,Packaging,356,302295.52
2024-05-23,Raw Materials,293,501350.56
2024-05-24,Electronics,187,93552.85
2024-05-24,Textiles,237,178608.32
2024-05-24,Furniture,77,64687.36
2024-05-24,Packaging,295,316363.28
2024-05-24,Raw Materials,280,476988.82
2024-05-25,Electronics,155,188883.79
2024-05-25,Textiles,228,123293.86
2024-05-25,Furniture,89,173493.5
2024-05-25,Packaging,358,701380.89
2024-05-25,Raw Materials,267,464328.64
2024-05-26,Electronics,187,368894.53
2024-05-26,Textiles,241,345116.04
2024-05-26,Furniture,110,142891.52
2024-05-26,Packaging,377,547642.89
2024-05-26,Raw Materials,245,166690.86
2024-05-27,Electronics,167,100619.4
2024-05-27,Textiles,190,329992.42
2024-05-27,Furniture,96,58690.69
2024-05-27,Packaging,370,517338.6
2024-05-27,Raw Materials,262,156345.07
2024-05-28,Electronics,151,299514.92
2024-05-28,Textiles,200,287852.85
2024-05-28,Furniture,103,95577.36
2024-05-28,Packaging,348,398033.31
2024-05-28,Raw Materials,312,424327.49
2024-05-29,Electronics,160,238118.02
2024-05-29,Textiles,211,260070.57
2024-05-29,Furniture,85,136539.63
2024-05-29,Packaging,327,589524.51
2024-05-29,Raw Materials,288,171944.74
2024-05-30,Electronics,163,304160.42
2024-05-30,Textiles,235,281212.72
2024-05-30,Furniture,88,65756.86
2024-05-30,Packaging,314,237344.08
2024-05-30,Raw Materials,285,479712.97
2024-05-31,Electronics,183,267071.73
2024-05-31,Textiles,211,179619.38
2024-05-31,Furniture,95,159611.92
2024-05-31,Packaging,337,665831.28
2024-05-31,Raw Materials,237,214114.91
2024-06-01,Electronics,163,82214.19
2024-06-01,Textiles,195,109131.54
2024-06-01,Furniture,86,73812.51
2024-06-01,Packaging,306,368565.57
2024-06-01,Raw Materials,214,306828.82
2024-06-02,Electronics,111,133712.34
2024-06-02,Textiles,174,241216.4
2024-06-02,Furniture,58,75719.65
2024-06-02,Packaging,308,285627.51
2024-06-02,Raw Materials,257,306929.43
2024-06-03,Electronics,128,140184.99
2024-06-03,Textiles,193,109350.26
2024-06-03,Furniture,86,79708.54
2024-06-03,Packaging,282,487101.42
2024-06-03,Raw Materials,275,374596.57
2024-06-04,Electronics,151,82219.85
2024-06-04,Textiles,194,228123.73
2024-06-04,Furniture,80,151531.2
2024-06-04,Packaging,288,459299.65
2024-06-04,Raw Materials,221,402968.71
2024-06-05,Electronics,132,199572.35
2024-06-05,Textiles,216,204139.76
2024-06-05,Furniture,85,42768.24
2024-06-05,Packaging,312,491823.75
2024-06-05,Raw Materials,240,359505.16
2024-06-06,Electronics,158,268684.11
2024-06-06,Textiles,186,259373.7
2024-06-06,Furniture,82,108598.79
2024-06-06,Packaging,293,287615.14
2024-06-06,Raw Materials,271,440314.34
2024-06-07,Electronics,176,258662.82
2024-06-07,Textiles,178,326106.43
2024-06-07,Furniture,80,56664.56
2024-06-07,Packaging,376,253276.01
2024-06-07,Raw Materials,242,352549.38
2024-06-08,Electronics,145,233663.42
2024-06-08,Textiles,225,447051.34
2024-06-08,Furniture,80,138401.52
2024-06-08,Packaging,309,362543.4
2024-06-08,Raw Materials,297,186096.81
2024-06-09,Electronics,161,275637.47
2024-06-09,Textiles,196,161519.1
2024-06-09,Furniture,90,54096.91
2024-06-09,Packaging,295,318921.22
2024-06-09,Raw Materials,242,149174.12
2024-06-10,Electronics,166,218091.06
2024-06-10,Textiles,205,172080.83
2024-06-10,Furniture,88,94719.63
2024-06-10,Packaging,365,598244.69
2024-06-10,Raw Materials,215,139386.74
2024-06-11,Electronics,145,157971.89
2024-06-11,Textiles,198,255166.34
2024-06-11,Furniture,69,101334.14
2024-06-11,Packaging,301,170717.47
2024-06-11,Raw Materials,255,272433.18
2024-06-12,Electronics,118,60187.74
2024-06-12,Textiles,225,313646.23
2024-06-12,Furniture,76,49543.63
2024-06-12,Packaging,303,534063.27
2024-06-12,Raw Materials,279,382322.71
2024-06-13,Electronics,135,101390.35
2024-06-13,Textiles,202,395523.65
2024-06-13,Furniture,71,46075.68
2024-06-13,Packaging,302,245615.42
2024-06-13,Raw Materials,246,268915.24
2024-06-14,Electronics,161,156139.31
2024-06-14,Textiles,199,138319.26
2024-06-14,Furniture,70,122725.42
2024-06-14,Packaging,257,311229.48
2024-06-14,Raw Materials,213,248398.8
2024-06-15,Electronics,150,94845.38
2024-06-15,Textiles,203,286294.15
2024-06-15,Furniture,79,102572.52
2024-06-15,Packaging,311,234029.19
2024-06-15,Raw Materials,266,275118.07
2024-06-16,Electronics,142,247111.59
2024-06-16,Textiles,182,229532.86
2024-06-16,Furniture,84,127350.8
2024-06-16,Packaging,319,420200.03
2024-06-16,Raw Materials,237,177243.55
2024-06-17,Electronics,154,124888.38
2024-06-17,Textiles,192,321327.84
2024-06-17,Furniture,72,71188.9
2024-06-17,Packaging,331,558986.87
2024-06-17,Raw Materials,292,210817.06
2024-06-18,Electronics,145,257931.32
2024-06-18,Textiles,210,146697.3
2024-06-18,Furniture,82,113940.78
2024-06-18,Packaging,249,295737.21
2024-06-18,Raw Materials,278,154838.31
2024-06-19,Electronics,154,90338.18
2024-06-19,Textiles,232,352903.05
2024-06-19,Furniture,75,146580.87
2024-06-19,Packaging,298,573253.13
2024-06-19,Raw Materials,227,370448.53
2024-06-20,Electronics,150,185684.5
2024-06-20,Textiles,198,254165.91
2024-06-20,Furniture,64,86020.32
2024-06-20,Packaging,362,679872.95
2024-06-20,Raw Materials,221,230591.87
2024-06-21,Electronics,158,187067.09
2024-06-21,Textiles,206,240027.85
2024-06-21,Furniture,92,157309.33
2024-06-21,Packaging,350,425153.78
2024-06-21,Raw Materials,224,216798.09
2024-06-22,Electronics,138,122001.85
2024-06-22,Textiles,214,351793.44
2024-06-22,Furniture,73,138253.69
2024-06-22,Packaging,367,538280.89
2024-06-22,Raw Materials,261,451450.84
2024-06-23,Electronics,168,217201.68
2024-06-23,Textiles,182,307596.57
2024-06-23,Furniture,89,53715.44
2024-06-23,Packaging,256,130175.67
2024-06-23,Raw Materials,254,393713.06
2024-06-24,Electronics,152,99804.14
2024-06-24,Textiles,230,211715.39
2024-06-24,Furniture,74,113302.11
2024-06-24,Packaging,363,495698.64
2024-06-24,Raw Materials,269,416044.66
2024-06-25,Electronics,155,103756.61
2024-06-25,Textiles,215,379069.01
2024-06-25,Furniture,78,55987.99
2024-06-25,Packaging,251,392856.44
2024-06-25,Raw Materials,222,398512.46
2024-06-26,Electronics,159,175211.49
2024-06-26,Textiles,184,165462.37
2024-06-26,Furniture,76,40511.07
2024-06-26,Packaging,334,442039.21
2024-06-26,Raw Materials,256,212201.2
2024-06-27,Electronics,172,134463.46
2024-06-27,Textiles,190,300140.56
2024-06-27,Furniture,78,135107.54
2024-06-27,Packaging,332,442219.36
2024-06-27,Raw Materials,260,310637.36
2024-06-28,Electronics,183,155912.37
2024-06-28,Textiles,178,239398.14
2024-06-28,Furniture,71,48275.07
2024-06-28,Packaging,306,337263.54
2024-06-28,Raw Materials,260,191863.42
2024-06-29,Electronics,135,148995.44
2024-06-29,Textiles,218,142598.68
2024-06-29,Furniture,84,132094.88
2024-06-29,Packaging,281,390654.25
2024-06-29,Raw Materials,254,304914.81
2024-06-30,Electronics,163,164720.65
2024-06-30,Textiles,203,365363.86
2024-06-30,Furniture,71,96397.68
2024-06-30,Packaging,243,462789.06
2024-06-30,Raw Materials,220,332796.22
2024-07-01,Electronics,136,240226.74
2024-07-01,Textiles,171,258854.95
2024-07-01,Furniture,65,117862.34
2024-07-01,Packaging,239,185036.39
2024-07-01,Raw Materials,198,299804.14
2024-07-02,Electronics,122,233748.76
2024-07-02,Textiles,166,240950.6
2024-07-02,Furniture,56,111955.16
2024-07-02,Packaging,254,273730.77
2024-07-02,Raw Materials,191,343557.48
2024-07-03,Electronics,114,165486.53
2024-07-03,Textiles,168,278236.72
2024-07-03,Furniture,69,77535.04
2024-07-03,Packaging,221,349065.24
2024-07-03,Raw Materials,232,370212.73
2024-07-04,Electronics,123,181003.08
2024-07-04,Textiles,181,100257.35
2024-07-04,Furniture,73,79723.41
2024-07-04,Packaging,258,310175.65
2024-07-04,Raw Materials,205,280596.39
2024-07-05,Electronics,140,234223.22
2024-07-05,Textiles,178,234196.13
2024-07-05,Furniture,70,60398.33
2024-07-05,Packaging,238,444251.53
2024-07-05,Raw Materials,223,428888.97
2024-07-06,Electronics,137,74957.18
2024-07-06,Textiles,155,288160.32
2024-07-06,Furniture,76,68400.97
2024-07-06,Packaging,270,151871.01
2024-07-06,Raw Materials,220,241223.7
2024-07-07,Electronics,124,111708.99
2024-07-07,Textiles,196,162622.77
2024-07-07,Furniture,62,66579.97
2024-07-07,Packaging,258,271312.92
2024-07-07,Raw Materials,206,205618.7
2024-07-08,Electronics,111,112410.32
2024-07-08,Textiles,155,226732.44
2024-07-08,Furniture,72,97630.16
2024-07-08,Packaging,303,400739.64
2024-07-08,Raw Materials,229,416524.13
2024-07-09,Electronics,134,233782.39
2024-07-09,Textiles,203,286071.63
2024-07-09,Furniture,61,44437.99
2024-07-09,Packaging,238,440105.51
2024-07-09,Raw Materials,219,307681.36
2024-07-10,Electronics,129,156103.07
2024-07-10,Textiles,172,236209.86
2024-07-10,Furniture,64,127060.05
2024-07-10,Packaging,259,382396.92
2024-07-10,Raw Materials,178,261105.84
2024-07-11,Electronics,146,117890.88
2024-07-11,Textiles,175,277977.14
2024-07-11,Furniture,73,129267.79
2024-07-11,Packaging,261,253880.07
2024-07-11,Raw Materials,231,172284.77
2024-07-12,Electronics,128,187421.23
2024-07-12,Textiles,191,249869.93
2024-07-12,Furniture,61,36047.55
2024-07-12,Packaging,283,536542.59
2024-07-12,Raw Materials,236,294048.61
2024-07-13,Electronics,105,172371.41
2024-07-13,Textiles,157,161930.06
2024-07-13,Furniture,72,118172.27
2024-07-13,Packaging,259,341954.97
2024-07-13,Raw Materials,208,278992.83
2024-07-14,Electronics,110,197553.66
2024-07-14,Textiles,186,281143.37
2024-07-14,Furniture,67,47268.41
2024-07-14,Packaging,255,277385.8
2024-07-14,Raw Materials,216,321552.86
2024-07-15,Electronics,131,163403.37
2024-07-15,Textiles,156,173161.73
2024-07-15,Furniture,68,56349.98
2024-07-15,Packaging,270,320880.21
2024-07-15,Raw Materials,195,301756.01
2024-07-16,Electronics,144,157364.48
2024-07-16,Textiles,187,310351.48
2024-07-16,Furniture,65,62724.99
2024-07-16,Packaging,248,414661.77
2024-07-16,Raw Materials,179,347305.05
2024-07-17,Electronics,134,188215.93
2024-07-17,Textiles,177,310300.78
2024-07-17,Furniture,64,84991.07
2024-07-17,Packaging,287,489946.22
2024-07-17,Raw Materials,213,364744.0
2024-07-18,Electronics,110,96880.48
2024-07-18,Textiles,160,294714.27
2024-07-18,Furniture,58,29038.52
2024-07-18,Packaging,344,420479.46
2024-07-18,Raw Materials,181,263022.95
2024-07-19,Electronics,126,115078.56
2024-07-19,Textiles,158,226423.38
2024-07-19,Furniture,55,97399.91
2024-07-19,Packaging,296,548592.96
2024-07-19,Raw Materials,195,377223.63
2024-07-20,Electronics,137,98950.56
2024-07-20,Textiles,151,173207.72
2024-07-20,Furniture,72,113669.27
2024-07-20,Packaging,205,202849.07
2024-07-20,Raw Materials,248,436353.39
2024-07-21,Electronics,124,230098.91
2024-07-21,Textiles,151,267084.92
2024-07-21,Furniture,77,133575.08
2024-07-21,Packaging,241,441832.8
2024-07-21,Raw Materials,182,160699.38
2024-07-22,Electronics,130,122660.46
2024-07-22,Textiles,162,235558.32
2024-07-22,Furniture,68,71164.13
2024-07-22,Packaging,272,323680.98
2024-07-22,Raw Materials,204,131086.23
2024-07-23,Electronics,138,141988.74
2024-07-23,Textiles,182,316167.08
2024-07-23,Furniture,48,27269.04
2024-07-23,Packaging,286,267422.52
2024-07-23,Raw Materials,208,274570.56
2024-07-24,Electronics,135,175234.39
2024-07-24,Textiles,158,164835.77
2024-07-24,Furniture,68,107759.08
2024-07-24,Packaging,240,123632.62
2024-07-24,Raw Materials,200,231244.58
2024-07-25,Electronics,119,190112.87
2024-07-25,Textiles,153,223525.87
2024-07-25,Furniture,78,110326.83
2024-07-25,Packaging,242,446262.81
2024-07-25,Raw Materials,200,181431.57
2024-07-26,Electronics,136,93572.72
2024-07-26,Textiles,146,239983.75
2024-07-26,Furniture,64,84077.22
2024-07-26,Packaging,245,274817.62
2024-07-26,Raw Materials,190,309841.46
2024-07-27,Electronics,105,151478.36
2024-07-27,Textiles,172,210321.81
2024-07-27,Furniture,71,102824.99
2024-07-27,Packaging,251,174422.93
2024-07-27,Raw Materials,243,379744.49
2024-07-28,Electronics,131,99315.53
2024-07-28,Textiles,169,124812.84
2024-07-28,Furniture,71,54690.85
2024-07-28,Packaging,244,133293.99
2024-07-28,Raw Materials,232,134059.56
2024-07-29,Electronics,122,182721.75
2024-07-29,Textiles,162,119230.29
2024-07-29,Furniture,70,105460.8
2024-07-29,Packaging,243,280175.68
2024-07-29,Raw Materials,172,210485.11
2024-07-30,Electronics,133,167581.19
2024-07-30,Textiles,183,95908.98
2024-07-30,Furniture,66,110434.96
2024-07-30,Packaging,261,371629.51
2024-07-30,Raw Materials,205,361808.01
2024-07-31,Electronics,129,161460.5
2024-07-31,Textiles,154,240130.63
2024-07-31,Furniture,83,94984.69
2024-07-31,Packaging,304,292828.5
2024-07-31,Raw Materials,190,369031.3
2024-08-01,Electronics,110,172877.78
2024-08-01,Textiles,150,227359.29
2024-08-01,Furniture,60,86252.63
2024-08-01,Packaging,243,304302.39
2024-08-01,Raw Materials,174,105502.7
2024-08-02,Electronics,115,204242.34
2024-08-02,Textiles,145,286064.49
2024-08-02,Furniture,51,37955.35
2024-08-02,Packaging,237,184948.08
2024-08-02,Raw Materials,184,144834.04
2024-08-03,Electronics,108,120688.18
2024-08-03,Textiles,146,265278.6
2024-08-03,Furniture,63,88720.2
2024-08-03,Packaging,205,128305.26
2024-08-03,Raw Materials,161,161031.22
2024-08-04,Electronics,105,84850.72
2024-08-04,Textiles,151,161896.4
2024-08-04,Furniture,55,91932.16
2024-08-04,Packaging,229,384239.84
2024-08-04,Raw Materials,192,359442.56
2024-08-05,Electronics,109,56377.09
2024-08-05,Textiles,154,100821.03
2024-08-05,Furniture,58,76657.27
2024-08-05,Packaging,223,174993.22
2024-08-05,Raw Materials,192,263668.77
2024-08-06,Electronics,112,68439.09
2024-08-06,Textiles,126,177436.22
2024-08-06,Furniture,69,99777.5
2024-08-06,Packaging,224,296667.71
2024-08-06,Raw Materials,169,235423.67
2024-08-07,Electronics,115,87189.08
2024-08-07,Textiles,174,206543.8
2024-08-07,Furniture,55,35097.86
2024-08-07,Packaging,267,415368.82
2024-08-07,Raw Materials,199,210918.05
2024-08-08,Electronics,92,138743.73
2024-08-08,Textiles,179,246185.05
2024-08-08,Furniture,49,24648.36
2024-08-08,Packaging,225,171252.57
2024-08-08,Raw Materials,182,258146.48
2024-08-09,Electronics,99,81143.12
2024-08-09,Textiles,156,165411.82
2024-08-09,Furniture,66,37998.41
2024-08-09,Packaging,191,363740.54
2024-08-09,Raw Materials,213,279665.83
2024-08-10,Electronics,119,191484.37
2024-08-10,Textiles,169,138918.3
2024-08-10,Furniture,59,95240.01
2024-08-10,Packaging,268,265471.95
2024-08-10,Raw Materials,191,329642.79
2024-08-11,Electronics,114,144676.21
2024-08-11,Textiles,151,227408.01
2024-08-11,Furniture,50,77565.07
2024-08-11,Packaging,235,405975.27
2024-08-11,Raw Materials,164,94304.57
2024-08-12,Electronics,100,82301.66
2024-08-12,Textiles,120,167477.24
2024-08-12,Furniture,49,48978.06
2024-08-12,Packaging,250,456861.62
2024-08-12,Raw Materials,182,168342.2
2024-08-13,Electronics,84,141132.96
2024-08-13,Textiles,152,133765.43
2024-08-13,Furniture,44,87185.53
2024-08-13,Packaging,243,277322.16
2024-08-13,Raw Materials,171,138394.76
2024-08-14,Electronics,104,186970.16
2024-08-14,Textiles,163,305280.38
2024-08-14,Furniture,56,101392.73
2024-08-14,Packaging,252,367146.71
2024-08-14,Raw Materials,185,240969.58
2024-08-15,Electronics,125,89572.68
2024-08-15,Textiles,142,177517.07
2024-08-15,Furniture,67,112402.32
2024-08-15,Packaging,193,267372.35
2024-08-15,Raw Materials,192,213398.26
2024-08-16,Electronics,105,85579.62
2024-08-16,Textiles,147,135468.9
2024-08-16,Furniture,63,42072.72
2024-08-16,Packaging,218,277870.77
2024-08-16,Raw Materials,200,347946.43
2024-08-17,Electronics,121,141485.52
2024-08-17,Textiles,146,194190.26
2024-08-17,Furniture,63,55586.37
2024-08-17,Packaging,216,390734.0
2024-08-17,Raw Materials,187,325786.77
2024-08-18,Electronics,117,196505.78
2024-08-18,Textiles,139,201317.16
2024-08-18,Furniture,50,42383.77
2024-08-18,Packaging,204,199494.34
2024-08-18,Raw Materials,176,225702.24
2024-08-19,Electronics,122,206390.87
2024-08-19,Textiles,143,170565.43
2024-08-19,Furniture,63,70671.77
2024-08-19,Packaging,170,269091.95
2024-08-19,Raw Materials,165,177738.9
2024-08-20,Electronics,80,128875.14
2024-08-20,Textiles,141,253018.66
2024-08-20,Furniture,67,63327.06
2024-08-20,Packaging,225,295212.24
2024-08-20,Raw Materials,166,265371.05
2024-08-21,Electronics,91,165846.93
2024-08-21,Textiles,152,208728.79
2024-08-21,Furniture,53,35914.0
2024-08-21,Packaging,207,155332.1
2024-08-21,Raw Materials,166,143688.64
2024-08-22,Electronics,101,164032.65
2024-08-22,Textiles,129,175165.01
2024-08-22,Furniture,58,94586.26
2024-08-22,Packaging,226,408427.79
2024-08-22,Raw Materials,169,275536.24
2024-08-23,Electronics,130,104715.09
2024-08-23,Textiles,155,211282.68
2024-08-23,Furniture,47,25060.97
2024-08-23,Packaging,225,279800.02
2024-08-23,Raw Materials,190,360941.26
2024-08-24,Electronics,114,144600.69
2024-08-24,Textiles,147,98700.01
2024-08-24,Furniture,63,104547.25
2024-08-24,Packaging,246,474082.11
2024-08-24,Raw Materials,194,346476.89
2024-08-25,Electronics,125,188733.71
2024-08-25,Textiles,161,134088.96
2024-08-25,Furniture,57,89601.83
2024-08-25,Packaging,229,354014.11
2024-08-25,Raw Materials,195,317646.7
2024-08-26,Electronics,122,98228.87
2024-08-26,Textiles,146,100897.63
2024-08-26,Furniture,60,75950.56
2024-08-26,Packaging,181,313292.56
2024-08-26,Raw Materials,177,92049.12
2024-08-27,Electronics,82,91397.93
2024-08-27,Textiles,134,75439.07
2024-08-27,Furniture,55,67038.96
2024-08-27,Packaging,234,414622.69
2024-08-27,Raw Materials,171,225442.6
2024-08-28,Electronics,110,139705.75
2024-08-28,Textiles,153,303525.47
2024-08-28,Furniture,58,35090.31
2024-08-28,Packaging,209,333115.09
2024-08-28,Raw Materials,213,226146.49
2024-08-29,Electronics,120,126506.75
2024-08-29,Textiles,146,276514.16
2024-08-29,Furniture,56,59855.03
2024-08-29,Packaging,229,242708.34
2024-08-29,Raw Materials,190,275116.77
2024-08-30,Electronics,112,127579.92
2024-08-30,Textiles,139,183764.75
2024-08-30,Furniture,46,69745.67
2024-08-30,Packaging,228,373407.64
2024-08-30,Raw Materials,170,253933.41
2024-08-31,Electronics,127,129596.39
2024-08-31,Textiles,131,116242.4
2024-08-31,Furniture,57,80262.71
2024-08-31,Packaging,254,451834.87
2024-08-31,Raw Materials,178,233619.59
2024-09-01,Electronics,96,107755.86
2024-09-01,Textiles,154,241651.64
2024-09-01,Furniture,63,49017.73
2024-09-01,Packaging,173,242140.66
2024-09-01,Raw Materials,191,255346.21
2024-09-02,Electronics,114,156978.24
2024-09-02,Textiles,137,161134.53
2024-09-02,Furniture,49,94949.59
2024-09-02,Packaging,242,314570.26
2024-09-02,Raw Materials,137,199354.53
2024-09-03,Electronics,96,124136.32
2024-09-03,Textiles,150,260831.48
2024-09-03,Furniture,46,68174.93
2024-09-03,Packaging,203,352337.17
2024-09-03,Raw Materials,172,339692.86
2024-09-04,Electronics,118,198247.38
2024-09-04,Textiles,150,108886.82
2024-09-04,Furniture,60,49550.78
2024-09-04,Packaging,174,195377.89
2024-09-04,Raw Materials,170,311558.35
2024-09-05,Electronics,109,194802.68
2024-09-05,Textiles,155,259727.08
2024-09-05,Furniture,48,61022.47
2024-09-05,Packaging,203,325681.69
2024-09-05,Raw Materials,208,133430.16
2024-09-06,Electronics,97,157334.69
2024-09-06,Textiles,148,288732.52
2024-09-06,Furniture,61,106138.66
2024-09-06,Packaging,222,112904.29
2024-09-06,Raw Materials,193,231356.56
2024-09-07,Electronics,86,84035.47
2024-09-07,Textiles,148,287377.39
2024-09-07,Furniture,54,33498.0
2024-09-07,Packaging,209,202373.56
2024-09-07,Raw Materials,179,172454.68
2024-09-08,Electronics,110,76886.36
2024-09-08,Textiles,137,261344.02
2024-09-08,Furniture,56,62844.47
2024-09-08,Packaging,175,105698.69
2024-09-08,Raw Materials,149,217165.02
2024-09-09,Electronics,114,80672.47
2024-09-09,Textiles,156,213448.6
2024-09-09,Furniture,61,65190.18
2024-09-09,Packaging,214,226246.99
2024-09-09,Raw Materials,201,241989.5
2024-09-10,Electronics,119,138586.1
2024-09-10,Textiles,155,184721.3
2024-09-10,Furniture,55,105044.37
2024-09-10,Packaging,223,390082.27
2024-09-10,Raw Materials,175,182638.22
2024-09-11,Electronics,107,62229.72
2024-09-11,Textiles,149,218491.38
2024-09-11,Furniture,65,111500.21
2024-09-11,Packaging,217,243200.84
2024-09-11,Raw Materials,151,290390.61
2024-09-12,Electronics,128,75636.14
2024-09-12,Textiles,137,161976.29
2024-09-12,Furniture,48,73370.44
2024-09-12,Packaging,215,415015.07
2024-09-12,Raw Materials,187,340793.19
2024-09-13,Electronics,117,171272.37
2024-09-13,Textiles,144,88968.49
2024-09-13,Furniture,53,73729.58
2024-09-13,Packaging,215,334101.47
2024-09-13,Raw Materials,178,154758.37
2024-09-14,Electronics,112,172034.2
2024-09-14,Textiles,140,274999.26
2024-09-14,Furniture,70,106762.65
2024-09-14,Packaging,235,429315.61
2024-09-14,Raw Materials,166,114179.92
2024-09-15,Electronics,98,150608.14
2024-09-15,Textiles,131,183997.27
2024-09-15,Furniture,59,98168.17
2024-09-15,Packaging,213,147375.85
2024-09-15,Raw Materials,160,175030.78
2024-09-16,Electronics,84,126332.88
2024-09-16,Textiles,135,179255.12
2024-09-16,Furniture,59,99362.73
2024-09-16,Packaging,184,223086.47
2024-09-16,Raw Materials,169,98498.91
2024-09-17,Electronics,117,231420.82
2024-09-17,Textiles,104,77899.4
2024-09-17,Furniture,53,76631.18
2024-09-17,Packaging,199,165082.48
2024-09-17,Raw Materials,150,143057.78
2024-09-18,Electronics,91,178638.45
2024-09-18,Textiles,151,110829.67
2024-09-18,Furniture,64,77935.63
2024-09-18,Packaging,195,188669.27
2024-09-18,Raw Materials,192,96904.58
2024-09-19,Electronics,106,123237.69
2024-09-19,Textiles,138,272736.54
2024-09-19,Furniture,64,59064.23
2024-09-19,Packaging,194,202868.61
2024-09-19,Raw Materials,165,217941.29
2024-09-20,Electronics,93,184852.32
2024-09-20,Textiles,124,70362.83
2024-09-20,Furniture,59,40682.55
2024-09-20,Packaging,241,460461.54
2024-09-20,Raw Materials,181,94795.99
2024-09-21,Electronics,78,115758.44
2024-09-21,Textiles,167,223674.5
2024-09-21,Furniture,62,41882.09
2024-09-21,Packaging,237,402799.72
2024-09-21,Raw Materials,181,203483.47
2024-09-22,Electronics,97,123265.28
2024-09-22,Textiles,140,224610.36
2024-09-22,Furniture,63,79968.77
2024-09-22,Packaging,204,398892.02
2024-09-22,Raw Materials,192,364508.95
2024-09-23,Electronics,95,66260.64
2024-09-23,Textiles,153,272654.44
2024-09-23,Furniture,57,70460.41
2024-09-23,Packaging,205,227516.21
2024-09-23,Raw Materials,178,242955.94
2024-09-24,Electronics,113,151210.83
2024-09-24,Textiles,157,138034.03
2024-09-24,Furniture,52,99233.81
2024-09-24,Packaging,203,323621.72
2024-09-24,Raw Materials,187,254289.11
2024-09-25,Electronics,131,181225.35
2024-09-25,Textiles,171,278304.94
2024-09-25,Furniture,63,36557.12
2024-09-25,Packaging,244,259810.09
2024-09-25,Raw Materials,161,214372.5
2024-09-26,Electronics,95,75929.51
2024-09-26,Textiles,126,242267.06
2024-09-26,Furniture,51,97766.93
2024-09-26,Packaging,224,376033.05
2024-09-26,Raw Materials,178,246516.08
2024-09-27,Electronics,114,187032.56
2024-09-27,Textiles,161,204370.7
2024-09-27,Furniture,58,61695.04
2024-09-27,Packaging,213,332744.93
2024-09-27,Raw Materials,210,345311.4
2024-09-28,Electronics,102,57954.23
2024-09-28,Textiles,122,183615.95
2024-09-28,Furniture,59,70947.22
2024-09-28,Packaging,200,287896.71
2024-09-28,Raw Materials,180,165187.1
2024-09-29,Electronics,96,96385.02
2024-09-29,Textiles,149,178580.05
2024-09-29,Furniture,56,43887.68
2024-09-29,Packaging,211,397429.31
2024-09-29,Raw Materials,190,151954.76
2024-09-30,Electronics,121,70577.79
2024-09-30,Textiles,166,135484.58
2024-09-30,Furniture,60,80081.06
2024-09-30,Packaging,214,404681.01
2024-09-30,Raw Materials,178,186691.51
2024-10-01,Electronics,123,141040.24
2024-10-01,Textiles,135,85228.6
2024-10-01,Furniture,55,51632.61
2024-10-01,Packaging,185,184687.05
2024-10-01,Raw Materials,207,306375.58
2024-10-02,Electronics,129,101711.96
2024-10-02,Textiles,160,223910.62
2024-10-02,Furniture,50,62974.77
2024-10-02,Packaging,237,239288.32
2024-10-02,Raw Materials,180,213017.17
2024-10-03,Electronics,116,118358.16
2024-10-03,Textiles,176,203010.22
2024-10-03,Furniture,55,39236.06
2024-10-03,Packaging,241,233708.5
2024-10-03,Raw Materials,185,365794.69
2024-10-04,Electronics,113,215659.89
2024-10-04,Textiles,127,94910.55
2024-10-04,Furniture,57,49019.09
2024-10-04,Packaging,199,201415.44
2024-10-04,Raw Materials,202,236979.98
2024-10-05,Electronics,113,102780.38
2024-10-05,Textiles,158,120994.62
2024-10-05,Furniture,55,105176.47
2024-10-05,Packaging,214,358730.18
2024-10-05,Raw Materials,205,179208.4
2024-10-06,Electronics,109,171749.21
2024-10-06,Textiles,142,232339.93
2024-10-06,Furniture,64,60326.95
2024-10-06,Packaging,208,241298.11
2024-10-06,Raw Materials,179,285427.65
2024-10-07,Electronics,112,201006.77
2024-10-07,Textiles,157,272197.49
2024-10-07,Furniture,58,39172.35
2024-10-07,Packaging,193,293983.34
2024-10-07,Raw Materials,199,273706.1
2024-10-08,Electronics,126,136732.72
2024-10-08,Textiles,141,116587.69
2024-10-08,Furniture,58,30320.39
2024-10-08,Packaging,201,363715.35
2024-10-08,Raw Materials,188,241526.33
2024-10-09,Electronics,102,136768.71
2024-10-09,Textiles,172,329206.07
2024-10-09,Furniture,58,96858.98
2024-10-09,Packaging,215,139342.75
2024-10-09,Raw Materials,181,115523.6
2024-10-10,Electronics,103,141894.62
2024-10-10,Textiles,152,254638.02
2024-10-10,Furniture,57,88324.8
2024-10-10,Packaging,244,203640.71
2024-10-10,Raw Materials,190,343836.02
2024-10-11,Electronics,118,158342.26
2024-10-11,Textiles,159,138229.23
2024-10-11,Furniture,67,36693.74
2024-10-11,Packaging,214,358038.3
2024-10-11,Raw Materials,174,117198.04
2024-10-12,Electronics,106,57332.75
2024-10-12,Textiles,125,248018.46
2024-10-12,Furniture,59,80337.65
2024-10-12,Packaging,231,426568.15
2024-10-12,Raw Materials,170,275020.77
2024-10-13,Electronics,105,60656.28
2024-10-13,Textiles,154,205738.74
2024-10-13,Furniture,60,62250.12
2024-10-13,Packaging,215,401907.81
2024-10-13,Raw Materials,161,114213.13
2024-10-14,Electronics,113,154212.08
2024-10-14,Textiles,159,145268.14
2024-10-14,Furniture,63,50801.32
2024-10-14,Packaging,218,305750.07
2024-10-14,Raw Materials,171,325868.44
2024-10-15,Electronics,98,145161.54
2024-10-15,Textiles,135,192895.9
2024-10-15,Furniture,62,109572.2
2024-10-15,Packaging,217,181406.32
2024-10-15,Raw Materials,186,308826.62
2024-10-16,Electronics,93,52643.63
2024-10-16,Textiles,163,138096.88
2024-10-16,Furniture,67,101975.98
2024-10-16,Packaging,207,382720.34
2024-10-16,Raw Materials,150,291508.83
2024-10-17,Electronics,128,166078.92
2024-10-17,Textiles,142,185547.77
2024-10-17,Furniture,53,49396.43
2024-10-17,Packaging,206,274905.35
2024-10-17,Raw Materials,176,224824.91
2024-10-18,Electronics,105,164343.08
2024-10-18,Textiles,143,279280.7
2024-10-18,Furniture,55,49143.29
2024-10-18,Packaging,241,138652.52
2024-10-18,Raw Materials,175,209460.96
2024-10-19,Electronics,94,87283.64
2024-10-19,Textiles,133,84729.13
2024-10-19,Furniture,57,95272.41
2024-10-19,Packaging,220,241415.17
2024-10-19,Raw Materials,202,300390.66
2024-10-20,Electronics,109,55817.66
2024-10-20,Textiles,151,188858.11
2024-10-20,Furniture,57,65587.38
2024-10-20,Packaging,228,207839.53
2024-10-20,Raw Materials,155,287118.05
2024-10-21,Electronics,114,152658.33
2024-10-21,Textiles,144,250953.44
2024-10-21,Furniture,65,64123.72
2024-10-21,Packaging,246,209307.97
2024-10-21,Raw Materials,193,334013.56
2024-10-22,Electronics,106,123051.19
2024-10-22,Textiles,143,204349.17
2024-10-22,Furniture,53,62625.05
2024-10-22,Packaging,218,249931.74
2024-10-22,Raw Materials,159,152121.47
2024-10-23,Electronics,108,134497.07
2024-10-23,Textiles,162,303816.92
2024-10-23,Furniture,56,75495.28
2024-10-23,Packaging,229,266413.66
2024-10-23,Raw Materials,197,302514.89
2024-10-24,Electronics,120,121298.07
2024-10-24,Textiles,141,86744.77
2024-10-24,Furniture,53,45182.05
2024-10-24,Packaging,198,182128.12
2024-10-24,Raw Materials,168,153985.21
2024-10-25,Electronics,106,54540.21
2024-10-25,Textiles,127,226940.44
2024-10-25,Furniture,55,47949.55
2024-10-25,Packaging,245,378910.74
2024-10-25,Raw Materials,202,102896.01
2024-10-26,Electronics,89,52761.74
2024-10-26,Textiles,183,297773.83
2024-10-26,Furniture,66,46064.57
2024-10-26,Packaging,190,121560.89
2024-10-26,Raw Materials,186,207528.33
2024-10-27,Electronics,105,102514.85
2024-10-27,Textiles,139,123582.48
2024-10-27,Furniture,50,45980.95
2024-10-27,Packaging,241,240517.38
2024-10-27,Raw Materials,200,327726.08
2024-10-28,Electronics,115,182998.79
2024-10-28,Textiles,176,233929.27
2024-10-28,Furniture,58,47813.8
2024-10-28,Packaging,207,386304.23
2024-10-28,Raw Materials,167,220627.42
2024-10-29,Electronics,101,112268.94
2024-10-29,Textiles,166,114265.83
2024-10-29,Furniture,61,84012.73
2024-10-29,Packaging,213,214341.62
2024-10-29,Raw Materials,173,339780.49
2024-10-30,Electronics,119,121049.94
2024-10-30,Textiles,129,88128.58
2024-10-30,Furniture,52,34668.7
2024-10-30,Packaging,241,406273.16
2024-10-30,Raw Materials,191,135927.33
2024-10-31,Electronics,100,56794.2
2024-10-31,Textiles,149,221202.24
2024-10-31,Furniture,54,29830.08
2024-10-31,Packaging,223,442573.52
2024-10-31,Raw Materials,184,231274.85
2024-11-01,Electronics,121,81786.35
2024-11-01,Textiles,162,266087.24
2024-11-01,Furniture,60,75637.42
2024-11-01,Packaging,245,286567.41
2024-11-01,Raw Materials,244,348470.58
2024-11-02,Electronics,127,186346.06
2024-11-02,Textiles,205,109736.24
2024-11-02,Furniture,56,38850.65
2024-11-02,Packaging,241,156486.06
2024-11-02,Raw Materials,224,197204.26
2024-11-03,Electronics,158,190615.16
2024-11-03,Textiles,146,215808.38
2024-11-03,Furniture,67,111982.4
2024-11-03,Packaging,266,337143.79
2024-11-03,Raw Materials,240,141962.57
2024-11-04,Electronics,120,233488.17
2024-11-04,Textiles,165,115932.34
2024-11-04,Furniture,61,32182.33
2024-11-04,Packaging,246,294240.61
2024-11-04,Raw Materials,209,311767.6
2024-11-05,Electronics,132,195142.6
2024-11-05,Textiles,182,148967.17
2024-11-05,Furniture,59,40297.66
2024-11-05,Packaging,238,474896.59
2024-11-05,Raw Materials,219,169764.11
2024-11-06,Electronics,107,73785.02
2024-11-06,Textiles,198,107269.64
2024-11-06,Furniture,76,133989.79
2024-11-06,Packaging,267,326826.75
2024-11-06,Raw Materials,227,360108.67
2024-11-07,Electronics,141,174684.69
2024-11-07,Textiles,189,207300.16
2024-11-07,Furniture,71,121336.75
2024-11-07,Packaging,225,120830.9
2024-11-07,Raw Materials,219,228664.56
2024-11-08,Electronics,143,98845.68
2024-11-08,Textiles,172,292453.24
2024-11-08,Furniture,73,145388.47
2024-11-08,Packaging,272,383036.35
2024-11-08,Raw Materials,231,328419.32
2024-11-09,Electronics,121,165986.97
2024-11-09,Textiles,184,114540.17
2024-11-09,Furniture,62,116958.7
2024-11-09,Packaging,234,272270.65
2024-11-09,Raw Materials,204,114995.79
2024-11-10,Electronics,135,237045.76
2024-11-10,Textiles,174,120243.43
2024-11-10,Furniture,69,130160.32
2024-11-10,Packaging,248,295369.18
2024-11-10,Raw Materials,169,311196.21
2024-11-11,Electronics,127,186354.0
2024-11-11,Textiles,152,279193.62
2024-11-11,Furniture,60,31227.06
2024-11-11,Packaging,269,194305.75
2024-11-11,Raw Materials,172,109761.48
2024-11-12,Electronics,144,154953.21
2024-11-12,Textiles,173,259396.51
2024-11-12,Furniture,65,45956.51
2024-11-12,Packaging,193,119960.68
2024-11-12,Raw Materials,195,116749.94
2024-11-13,Electronics,125,229622.16
2024-11-13,Textiles,136,165198.1
2024-11-13,Furniture,65,63534.65
2024-11-13,Packaging,284,394320.38
2024-11-13,Raw Materials,211,325357.92
2024-11-14,Electronics,144,215989.29
2024-11-14,Textiles,156,105977.51
2024-11-14,Furniture,57,97250.18
2024-11-14,Packaging,267,304088.05
2024-11-14,Raw Materials,226,373182.1
2024-11-15,Electronics,141,135542.55
2024-11-15,Textiles,194,164669.53
2024-11-15,Furniture,67,56216.34
2024-11-15,Packaging,286,264090.6
2024-11-15,Raw Materials,269,254773.52
2024-11-16,Electronics,139,205421.33
2024-11-16,Textiles,157,274534.25
2024-11-16,Furniture,67,40202.74
2024-11-16,Packaging,266,152188.83
2024-11-16,Raw Materials,220,282660.31
2024-11-17,Electronics,125,113459.97
2024-11-17,Textiles,196,289967.2
2024-11-17,Furniture,57,41660.12
2024-11-17,Packaging,255,179400.78
2024-11-17,Raw Materials,221,406740.09
2024-11-18,Electronics,118,225659.1
2024-11-18,Textiles,189,244673.91
2024-11-18,Furniture,70,137393.9
2024-11-18,Packaging,259,453199.89
2024-11-18,Raw Materials,225,340685.45
2024-11-19,Electronics,129,123950.74
2024-11-19,Textiles,183,308359.07
2024-11-19,Furniture,53,51779.61
2024-11-19,Packaging,208,358520.05
2024-11-19,Raw Materials,232,278421.38
2024-11-20,Electronics,127,83757.26
2024-11-20,Textiles,157,105379.96
2024-11-20,Furniture,70,35019.59
2024-11-20,Packaging,254,360926.17
2024-11-20,Raw Materials,195,213607.28
2024-11-21,Electronics,155,183376.58
2024-11-21,Textiles,196,137794.5
2024-11-21,Furniture,64,50973.37
2024-11-21,Packaging,240,309093.03
2024-11-21,Raw Materials,196,130695.37
2024-11-22,Electronics,122,90744.45
2024-11-22,Textiles,182,275444.62
2024-11-22,Furniture,68,105216.24
2024-11-22,Packaging,244,200659.45
2024-11-22,Raw Materials,209,135409.29
2024-11-23,Electronics,122,82315.45
2024-11-23,Textiles,155,200718.1
2024-11-23,Furniture,61,92572.86
2024-11-23,Packaging,227,172095.29
2024-11-23,Raw Materials,218,396357.54
2024-11-24,Electronics,141,149082.09
2024-11-24,Textiles,172,244515.2
2024-11-24,Furniture,54,65063.15
2024-11-24,Packaging,261,327225.18
2024-11-24,Raw Materials,199,335735.81
2024-11-25,Electronics,114,213599.79
2024-11-25,Textiles,146,115748.18
2024-11-25,Furniture,61,92581.94
2024-11-25,Packaging,229,321745.3
2024-11-25,Raw Materials,178,303049.71
2024-11-26,Electronics,95,189378.39
2024-11-26,Textiles,153,78908.29
2024-11-26,Furniture,71,71906.74
2024-11-26,Packaging,287,519703.17
2024-11-26,Raw Materials,171,242061.83
2024-11-27,Electronics,138,73990.81
2024-11-27,Textiles,166,270280.05
2024-11-27,Furniture,58,107781.88
2024-11-27,Packaging,244,283461.1
2024-11-27,Raw Materials,222,177404.06
2024-11-28,Electronics,127,76474.77
2024-11-28,Textiles,140,115816.61
2024-11-28,Furniture,67,78261.35
2024-11-28,Packaging,273,142465.25
2024-11-28,Raw Materials,224,167315.15
2024-11-29,Electronics,122,136967.86
2024-11-29,Textiles,169,89828.85
2024-11-29,Furniture,65,112411.93
2024-11-29,Packaging,267,246987.31
2024-11-29,Raw Materials,224,393311.71
2024-11-30,Electronics,99,142361.5
2024-11-30,Textiles,182,94369.11
2024-11-30,Furniture,70,60636.97
2024-11-30,Packaging,238,332489.25
2024-11-30,Raw Materials,234,451297.77
2024-12-01,Electronics,144,262849.98
2024-12-01,Textiles,183,221732.38
2024-12-01,Furniture,75,38325.09
2024-12-01,Packaging,301,385482.91
2024-12-01,Raw Materials,239,476057.64
2024-12-02,Electronics,140,93843.53
2024-12-02,Textiles,184,345241.87
2024-12-02,Furniture,84,155748.24
2024-12-02,Packaging,315,405515.24
2024-12-02,Raw Materials,200,276764.38
2024-12-03,Electronics,141,166579.88
2024-12-03,Textiles,214,422874.12
2024-12-03,Furniture,79,133883.4
2024-12-03,Packaging,323,241963.27
2024-12-03,Raw Materials,277,163058.47
2024-12-04,Electronics,166,94696.27
2024-12-04,Textiles,218,412472.92
2024-12-04,Furniture,77,116161.02
2024-12-04,Packaging,284,214365.73
2024-12-04,Raw Materials,246,405643.51
2024-12-05,Electronics,143,160234.08
2024-12-05,Textiles,219,116798.77
2024-12-05,Furniture,94,186384.14
2024-12-05,Packaging,315,211721.08
2024-12-05,Raw Materials,251,310138.81
2024-12-06,Electronics,131,180982.46
2024-12-06,Textiles,210,140394.81
2024-12-06,Furniture,88,101690.8
2024-12-06,Packaging,280,403653.07
2024-12-06,Raw Materials,274,270543.27
2024-12-07,Electronics,156,238827.16
2024-12-07,Textiles,246,395942.99
2024-12-07,Furniture,78,110636.26
2024-12-07,Packaging,281,448853.43
2024-12-07,Raw Materials,270,285708.69
2024-12-08,Electronics,138,106513.69
2024-12-08,Textiles,200,387159.09
2024-12-08,Furniture,82,97536.29
2024-12-08,Packaging,323,488906.35
2024-12-08,Raw Materials,278,163676.84
2024-12-09,Electronics,179,259407.5
2024-12-09,Textiles,165,114073.62
2024-12-09,Furniture,95,105794.63
2024-12-09,Packaging,259,413446.73
2024-12-09,Raw Materials,224,347443.78
2024-12-10,Electronics,159,162940.27
2024-12-10,Textiles,202,174871.99
2024-12-10,Furniture,71,69048.62
2024-12-10,Packaging,317,265298.46
2024-12-10,Raw Materials,245,138418.36
2024-12-11,Electronics,124,192077.14
2024-12-11,Textiles,223,249448.82
2024-12-11,Furniture,73,57935.24
2024-12-11,Packaging,267,309935.93
2024-12-11,Raw Materials,250,243989.55
2024-12-12,Electronics,136,133085.2
2024-12-12,Textiles,211,237010.2
2024-12-12,Furniture,78,49683.13
2024-12-12,Packaging,309,302212.63
2024-12-12,Raw Materials,233,127310.34
2024-12-13,Electronics,151,237314.79
2024-12-13,Textiles,182,160236.29
2024-12-13,Furniture,77,112660.99
2024-12-13,Packaging,298,203397.8
2024-12-13,Raw Materials,205,283338.79
2024-12-14,Electronics,165,282577.73
2024-12-14,Textiles,170,240969.84
2024-12-14,Furniture,71,70370.33
2024-12-14,Packaging,274,204659.03
2024-12-14,Raw Materials,262,282199.9
2024-12-15,Electronics,141,162712.98
2024-12-15,Textiles,232,139447.15
2024-12-15,Furniture,93,162499.94
2024-12-15,Packaging,316,524246.05
2024-12-15,Raw Materials,229,360067.99
2024-12-16,Electronics,146,151922.23
2024-12-16,Textiles,200,281451.83
2024-12-16,Furniture,87,83798.7
2024-12-16,Packaging,290,272687.63
2024-12-16,Raw Materials,228,304632.5
2024-12-17,Electronics,131,204428.51
2024-12-17,Textiles,221,404180.49
2024-12-17,Furniture,84,144825.96
2024-12-17,Packaging,288,419827.16
2024-12-17,Raw Materials,242,237066.78
2024-12-18,Electronics,122,227845.84
2024-12-18,Textiles,178,99757.15
2024-12-18,Furniture,96,182164.51
2024-12-18,Packaging,304,434889.29
2024-12-18,Raw Materials,211,386010.22
2024-12-19,Electronics,129,93790.32
2024-12-19,Textiles,191,111104.52
2024-12-19,Furniture,72,55705.47
2024-12-19,Packaging,297,430064.56
2024-12-19,Raw Materials,262,416361.72
2024-12-20,Electronics,135,109332.66
2024-12-20,Textiles,192,186220.75
2024-12-20,Furniture,70,35715.54
2024-12-20,Packaging,349,448503.66
2024-12-20,Raw Materials,262,258226.21
2024-12-21,Electronics,158,260350.94
2024-12-21,Textiles,208,304169.39
2024-12-21,Furniture,72,38761.54
2024-12-21,Packaging,304,273941.37
2024-12-21,Raw Materials,252,433083.69
2024-12-22,Electronics,152,186727.49
2024-12-22,Textiles,184,242674.9
2024-12-22,Furniture,74,138211.87
2024-12-22,Packaging,326,210681.26
2024-12-22,Raw Materials,239,138777.37
2024-12-23,Electronics,163,245157.78
2024-12-23,Textiles,184,176469.02
2024-12-23,Furniture,73,43473.48
2024-12-23,Packaging,275,419094.2
2024-12-23,Raw Materials,247,210798.27
2024-12-24,Electronics,164,279598.25
2024-12-24,Textiles,185,366271.26
2024-12-24,Furniture,73,107328.68
2024-12-24,Packaging,305,438428.23
2024-12-24,Raw Materials,214,382957.15
2024-12-25,Electronics,165,319969.37
2024-12-25,Textiles,198,156776.9
2024-12-25,Furniture,79,136735.43
2024-12-25,Packaging,332,366092.98
2024-12-25,Raw Materials,285,389521.46
2024-12-26,Electronics,146,246680.8
2024-12-26,Textiles,161,317469.85
2024-12-26,Furniture,73,113767.08
2024-12-26,Packaging,228,429389.64
2024-12-26,Raw Materials,239,169419.99
2024-12-27,Electronics,138,195685.77
2024-12-27,Textiles,178,107934.56
2024-12-27,Furniture,70,71728.59
2024-12-27,Packaging,288,444320.99
2024-12-27,Raw Materials,263,379888.38
2024-12-28,Electronics,150,298981.68
2024-12-28,Textiles,206,384658.05
2024-12-28,Furniture,81,61348.96
2024-12-28,Packaging,249,187046.21
2024-12-28,Raw Materials,237,161831.21
2024-12-29,Electronics,149,167445.01
2024-12-29,Textiles,196,237357.84
2024-12-29,Furniture,74,87090.59
2024-12-29,Packaging,302,362995.15
2024-12-29,Raw Materials,277,309149.69
2024-12-30,Electronics,156,110142.65
2024-12-30,Textiles,217,198621.18
2024-12-30,Furniture,89,86094.83
2024-12-30,Packaging,323,571219.13
2024-12-30,Raw Materials,277,337401.87
2024-12-31,Electronics,120,215173.71
2024-12-31,Textiles,202,256432.74
2024-12-31,Furniture,72,66390.44
2024-12-31,Packaging,316,505375.25
2024-12-31,Raw Materials,267,484415.09
